[{"line":1,"elements":[{"start_timestamp":"2025-04-18T13:12:35.919Z","line":3,"name":"Validate the wifi functionality with valid input","description":"","id":"wifi-feature;validate-the-wifi-functionality-with-valid-input","type":"scenario","keyword":"Scenario","steps":[{"result":{"duration":13252905100,"status":"passed"},"line":4,"name":"I have launch the application","match":{"location":"org.steps.LoginStespsClass.i_have_launch_the_application()"},"keyword":"Given "},{"result":{"duration":2008541700,"status":"passed"},"line":5,"name":"I have selected Preference and clicked Preference dependencies","match":{"location":"org.steps.LoginStespsClass.i_have_selected_preference_and_clicked_preference_dependencies()"},"keyword":"When "},{"result":{"duration":5488969800,"status":"passed"},"line":6,"name":"I have click the check button and enterd the \"wifi name\"","match":{"arguments":[{"val":"\"wifi name\"","offset":45}],"location":"org.steps.LoginStespsClass.i_have_click_the_check_button_and_enterd_the(java.lang.String)"},"keyword":"And "},{"result":{"duration":5101243900,"status":"passed"},"line":7,"name":"the name should be accepted","match":{"location":"org.steps.LoginStespsClass.the_name_should_be_accepted()"},"keyword":"Then "}]}],"name":"Wifi feature","description":"","id":"wifi-feature","keyword":"Feature","uri":"file:src/test/resources/FeatureFile.feature","tags":[]}]